Version=1.0,
거래소,종목코드
,NYSPB
,NDEVCM
,NDBCRX
,NDODD
,NYAORT
,NDBTDR
,NDNVTS
,NDOMCL
,NDUFPT
,NDPHVS
,NYCDRE
,NYRVLV
,NDNCNO
,NYSEMR
,NDALKT
,NYAMRC
,NDSHLS
,NDQUBT
,NDAXGN
,NDVECO
,NDMGNI
,NDINTA
,NDCMPR
,NDINVA
,NDANIP
,NDGLTO
,NDICHR
,NYGRC
,NYASAN
,NDARRY
,NDFA
,NDAGIO
,NDZYME
,NDSNDX
,NYINSP
,NDPRGS
,NDOCUL
,NDDFTX
,NDTYRA
,NDHRMY
,NDTNDM
,NYTHR
,NYMANE
,NYDCH
,NDTNGX
,NDAXTI
,NYSVV
,NYVOYG
,NYBHVN
,NDGSHD
,NDNRIX
,NDATRC
,NDAMSC
,NDLILA
,NDLILAK
,NYRAMP
,NDRAPT
,NDMXL
,NDGLIBK
,NDGLIBA
,NDSION
,NYPBI
,NDCNXN
,NDORKA
,NYSLSR
,NDMBX
,NYMD
,NYCTS
,NDKDK
,NDROCK
,NYMUX
,NDCAPR
,NDKMTS
,NDACHC
,NYPRLB
,NYDV
,NDELVN
,NDKOD
,NYSBH
,NDAMLX
,NDAVAH
,NDQDEL
,NDCLDX
,NDPRCT
,NYFOR
,NYSCL
,NYTNC
,NDFIVN
,NDRLAY
,NYNEXA
,NYKW
,NYCNL
,NDANAB
,NDNVAX
,NDWBTN
,NDRCAT
,NYGOLD
,NYTTI
,NDCOHU
,NDNTLA
